name,coef
id,1.9229747e-06
x1,-0.0
x2,0.37807393
x3,-0.0
x4,0.80435133
x5,-0.0
x6,0.0
